timestamp,rating,review,ai_response,ai_summary,recommended_action
2025-12-06 19:52:16,3,Loved the ambience,Thank you for your review! We're delighted to hear you loved the ambience. We are always striving to enhance every aspect of our guest experience and hope to welcome you back for an even better visit.,"The customer highly enjoyed the restaurant's ambience, but the overall average 3-star rating implies other aspects of their experience did not meet expectations.","Implement a brief digital or physical feedback card that explicitly asks guests to rate food quality, service, and value in addition to atmosphere, to gather more specific data from future average ratings."
2025-12-06 19:52:17,3,Loved the ambience,Thank you for your feedback! We're delighted you enjoyed the ambiance. We're always striving to improve our overall experience and hope to welcome you back soon for an even better visit.,"Despite expressing strong enjoyment of the restaurant's ambience, the customer's 3-star rating indicates that other critical aspects of their overall experience were likely underwhelming or below expectation.","Implement a brief, two-question digital or physical survey at the point of payment asking customers to specifically rate food quality and service, to pinpoint areas requiring immediate improvement."
2025-12-06 20:31:53,5,Loved the ambience!,Thank you so much for your wonderful 5-star rating! We're absolutely delighted to hear you loved our ambience. We look forward to welcoming you back again soon for another great experience.,"The customer had a highly positive experience, specifically praising and enjoying the restaurant's ambience.","Conduct a brief internal assessment this week to identify and document the specific elements (e.g., lighting, music, decor, cleanliness, staff demeanor contributing to atmosphere) that create the acclaimed positive ambience, then communicate these standards to all staff for consistent replication."
2025-12-06 20:33:13,3,Good Food!!,"Thank you for sharing your feedback! We're so glad you enjoyed our food. We're always striving to deliver a truly excellent experience, and we hope to welcome you back again soon.",The customer found the food to be good but indicated that other unmentioned aspects of their experience led to a neutral overall satisfaction rating.,"Instruct front-of-house staff to proactively ask customers giving only positive comments about food, ""What else could we have done to earn a 5-star rating today?"" to uncover specific non-food related issues."
2025-12-06 20:33:47,5,Good Food!!,"Thank you so much for your fantastic 5-star rating and for letting us know you enjoyed the food! We're thrilled to hear that, and it truly makes our day. We can't wait to welcome you back again soon!","The customer experienced a completely positive visit, specifically praising the high quality of the food.","Implement a standardized brief question for front-of-house staff to ask during customer check-ins or upon presenting the bill, such as 'Was there a particular dish you especially enjoyed tonight?' to gather more specific data on highly rated food items."
2025-12-06 20:33:56,1,Good Food!!,"Thank you for taking the time to share your feedback. While we're happy to hear you enjoyed the food, a 1-star rating tells us something went seriously wrong, and for that, we sincerely apologize. We are committed to understanding what led to this experience and addressing any issues to ensure better visits for all our guests.","The customer found the food to be good but had an overwhelmingly negative overall experience, resulting in a 1-star rating.","Review all customer feedback channels, staff incident reports, and operational logs from the past 48-72 hours to identify any major non-food related service, cleanliness, or waiting time failures that could explain the severe discontent."
2025-12-06 20:34:09,2,Good Food!!,"Thank you for your feedback. While we're delighted you found the food good, we're very sorry to see your overall experience resulted in a 2-star rating. Please know we are looking into what went wrong to ensure a better visit next time.","Despite enjoying the food quality, the customer had an overwhelmingly negative overall experience, resulting in a very low 2-star rating.","Assign the General Manager or Assistant Manager to conduct direct, unbiased observations of front-of-house operations, focusing on service interactions, speed of service, and dining environment, during at least two peak shifts this week to identify specific non-food service breakdowns."
2025-12-06 20:39:06,5,Excellent food,"Wow, a perfect 5 stars â€“ thank you so much for your wonderful feedback! We are absolutely thrilled to hear you enjoyed our excellent food. We look forward to welcoming you back again very soon!","The customer had an overwhelmingly positive experience, specifically praising the excellent food quality.","Share this specific ""excellent food"" feedback directly with the kitchen team in their next huddle, celebrating their success and reinforcing current preparation standards to ensure continued consistency."
2025-12-06 20:39:17,3,Excellent food,Thank you for your feedback! We're so pleased you enjoyed our excellent food. We're always working to improve the overall experience for our guests and hope to welcome you back again soon for an even better visit.,"The customer rated their overall experience as average despite highly praising the food quality, suggesting significant shortcomings in other aspects of their dining experience that were not specified.","Implement a brief, targeted post-meal feedback initiative (e.g., QR code survey or comment cards) for the next week, specifically asking customers to rate non-food elements like service, ambiance, and value for money, to identify the source of dissatisfaction."
2025-12-06 20:39:32,2,Excellent food,"Thank you for your feedback. While we're delighted to hear you found the food excellent, we're truly sorry that your overall experience resulted in a 2-star rating. We're deeply concerned about what might have fallen short and are committed to reviewing our service to ensure every aspect of your visit is exceptional next time.","The customer highly praised the food as excellent, but the very low 2-star rating strongly indicates a significant dissatisfaction with an unmentioned aspect of their experience.","Immediately implement a targeted mystery shop within the next 48 hours, specifically evaluating service quality, staff attentiveness, and overall restaurant cleanliness to pinpoint the operational failure impacting the overall rating."
2025-12-06 20:41:06,2,"Good food, good people!","Thank you for your feedback. We're truly sorry to see a 2-star rating, and we appreciate you highlighting our good food and people. We'd love to understand what aspects didn't meet your expectations so we can improve and ensure your next experience is outstanding.","Despite praising the food and staff, the customer's 2-star rating strongly indicates an underlying, unstated negative experience that significantly impacted their overall satisfaction.","Immediately attempt to contact the customer directly to politely inquire about the specific, unmentioned reason for their low 2-star rating, leveraging their positive comments about food and staff as a starting point to understand the complete experience."
2025-12-06 21:04:10,5,Good Service,Thank you so much for your kind words! We're delighted to hear you had good service and appreciate you taking the time to share your positive experience. We look forward to welcoming you back again soon!,"The customer had an excellent overall experience, specifically highlighting and praising the quality of the service they received.","Identify the team members working during the likely time of this visit, commend them for the positive feedback, and use this specific review during the next pre-shift briefing to reinforce what ""good service"" looks like for the entire team."
